frame,time_sec,lane1_in,lane2_in,lane1_out,lane2_out,lane1_queue,lane2_queue
1,0.03,0,0,0,0,0,0
2,0.07,0,0,0,0,0,0
3,0.1,0,0,0,0,0,0
4,0.13,0,0,0,0,0,0
5,0.17,0,0,0,0,0,0
6,0.2,0,0,0,0,0,0
7,0.23,0,0,0,0,0,0
8,0.27,0,0,0,0,0,0
9,0.3,0,0,0,0,0,0
10,0.33,0,0,0,0,0,0
11,0.37,0,0,0,0,0,0
12,0.4,0,0,0,0,0,1
13,0.43,1,0,0,0,1,1
14,0.47,1,0,0,0,1,1
15,0.5,1,0,0,0,1,1
16,0.53,1,0,0,1,2,0
17,0.57,1,0,0,1,3,0
18,0.6,1,0,0,1,2,0
19,0.63,1,0,0,1,2,0
20,0.67,1,0,0,1,2,0
21,0.7,1,0,1,1,1,0
22,0.73,1,0,1,1,1,0
23,0.77,2,0,1,1,2,0
24,0.8,2,0,1,1,2,0
25,0.83,2,0,1,1,2,0
26,0.87,2,0,1,1,2,0
27,0.9,2,0,2,1,1,0
28,0.93,2,0,2,1,1,0
29,0.97,2,0,2,1,2,0
30,1.0,2,0,2,1,2,0
31,1.03,2,0,2,1,2,0
32,1.07,2,0,2,1,2,1
33,1.1,2,0,2,1,2,1
34,1.13,2,0,2,1,1,1
35,1.17,2,1,2,1,1,2
36,1.2,2,1,2,2,1,1
37,1.23,2,1,2,2,2,1
38,1.27,2,1,2,2,2,1
39,1.3,2,1,2,2,2,0
40,1.33,2,1,3,2,2,0
41,1.37,2,1,3,2,1,0
42,1.4,2,1,3,2,1,0
43,1.43,2,1,3,2,1,0
44,1.47,2,1,3,2,1,0
45,1.5,2,1,3,2,1,0
46,1.53,2,1,3,2,1,0
47,1.57,2,1,3,2,1,0
48,1.6,2,1,3,2,1,0
49,1.63,2,1,4,2,0,0
50,1.67,2,1,4,2,0,0
51,1.7,2,1,4,2,0,1
52,1.74,3,1,4,2,1,1
53,1.77,3,1,4,2,1,1
54,1.8,3,1,4,2,1,1
55,1.84,3,1,4,3,1,0
56,1.87,3,1,4,3,2,0
57,1.9,3,1,4,3,2,0
58,1.94,3,1,4,3,2,0
59,1.97,3,1,4,3,2,0
60,2.0,3,1,4,3,2,0
61,2.04,3,1,4,3,2,0
62,2.07,3,1,4,3,1,0
63,2.1,3,2,4,3,1,1
64,2.14,3,2,4,3,1,1
65,2.17,3,2,5,3,0,1
66,2.2,3,2,5,3,0,1
67,2.24,3,2,5,3,0,0
68,2.27,3,2,5,3,0,0
69,2.3,3,2,5,3,0,0
70,2.34,3,2,5,3,1,0
71,2.37,3,2,5,3,1,0
72,2.4,3,2,5,3,1,0
73,2.44,3,2,5,3,1,0
74,2.47,3,2,5,3,1,0
75,2.5,3,2,5,3,1,0
76,2.54,3,2,5,3,1,0
77,2.57,3,2,5,3,1,0
78,2.6,3,2,5,3,1,0
79,2.64,3,2,6,3,1,0
80,2.67,3,2,6,3,0,0
81,2.7,3,2,6,3,0,0
82,2.74,4,2,6,3,1,0
83,2.77,4,2,6,3,1,0
84,2.8,4,2,6,3,1,0
85,2.84,4,2,6,3,1,1
86,2.87,4,2,6,3,1,1
87,2.9,4,2,6,3,2,1
88,2.94,4,2,6,3,2,1
89,2.97,4,2,7,4,1,0
90,3.0,4,2,7,4,2,0
91,3.04,4,2,7,4,2,0
92,3.07,4,2,7,4,1,0
93,3.1,4,2,7,4,1,0
94,3.14,4,2,7,4,1,0
95,3.17,4,2,7,4,1,0
96,3.2,4,2,7,4,1,1
97,3.24,4,2,7,4,1,1
98,3.27,4,2,7,4,1,1
99,3.3,4,2,8,4,0,1
100,3.34,4,2,8,5,0,0
101,3.37,4,2,8,5,1,0
102,3.4,4,2,8,5,2,0
103,3.44,4,2,8,5,2,0
104,3.47,4,2,8,5,2,0
105,3.5,4,2,8,5,2,0
106,3.54,4,2,8,5,2,0
107,3.57,4,2,9,5,1,0
108,3.6,4,2,9,5,1,0
109,3.64,4,2,9,5,1,0
110,3.67,4,2,10,5,0,0
111,3.7,4,2,10,5,0,0
112,3.74,4,2,10,5,0,0
113,3.77,4,2,10,5,0,0
114,3.8,4,2,10,5,0,0
115,3.84,4,2,10,5,0,0
116,3.87,4,2,10,5,0,0
117,3.9,4,2,10,5,0,0
118,3.94,4,2,10,5,0,0
119,3.97,4,2,10,5,0,0
120,4.0,4,2,10,5,0,0
121,4.04,4,2,10,5,0,0
122,4.07,4,2,10,5,1,0
123,4.1,4,2,10,5,1,0
124,4.14,4,2,10,5,1,0
125,4.17,4,2,10,5,1,0
126,4.2,4,2,11,5,0,0
127,4.24,4,2,11,5,0,0
128,4.27,4,2,11,5,0,1
129,4.3,4,2,11,5,0,1
130,4.34,4,2,11,5,0,1
131,4.37,4,2,11,6,0,0
132,4.4,4,2,11,6,1,0
133,4.44,4,2,11,6,1,0
134,4.47,4,2,11,6,1,0
135,4.5,4,2,11,6,1,0
136,4.54,4,2,11,6,1,0
137,4.57,4,2,11,6,1,0
138,4.6,4,2,11,6,1,0
139,4.64,4,2,11,6,1,0
140,4.67,4,2,11,6,1,0
141,4.7,4,2,11,6,1,0
142,4.74,4,2,12,6,0,0
143,4.77,4,2,12,6,0,0
144,4.8,4,2,12,6,0,0
145,4.84,4,2,12,6,0,0
146,4.87,4,2,12,6,0,0
147,4.9,4,2,12,6,0,0
148,4.94,4,2,12,6,0,0
149,4.97,4,2,12,6,1,0
150,5.0,4,2,12,6,1,0
151,5.04,4,2,12,6,1,0
152,5.07,4,2,12,6,1,0
153,5.11,4,2,13,6,0,0
154,5.14,4,2,13,6,0,0
155,5.17,4,2,13,6,0,0
156,5.21,4,2,13,6,0,0
157,5.24,4,2,13,6,0,0
158,5.27,4,2,13,6,0,0
159,5.31,4,2,13,6,0,0
160,5.34,4,2,13,6,0,0
161,5.37,5,2,13,6,1,0
162,5.41,5,2,13,6,1,0
163,5.44,5,2,13,6,1,0
164,5.47,5,2,13,6,1,0
165,5.51,5,2,13,6,1,0
166,5.54,5,2,13,6,1,0
167,5.57,5,2,13,6,1,0
168,5.61,5,2,13,6,1,0
169,5.64,5,2,13,6,1,0
170,5.67,5,3,13,6,0,1
171,5.71,5,3,13,6,0,1
172,5.74,5,3,13,6,0,1
173,5.77,5,3,13,6,0,1
174,5.81,5,3,13,6,0,1
175,5.84,5,3,13,6,0,1
176,5.87,5,3,13,6,0,0
177,5.91,6,3,13,6,1,0
178,5.94,6,3,13,6,1,0
179,5.97,6,3,13,6,1,0
180,6.01,6,3,13,6,1,0
181,6.04,6,3,13,6,1,0
182,6.07,6,3,13,6,0,0
183,6.11,6,3,13,6,0,0
184,6.14,6,3,13,6,0,0
185,6.17,6,3,13,6,0,0
186,6.21,6,3,13,6,0,0
187,6.24,6,3,13,6,0,0
188,6.27,6,3,13,6,0,0
189,6.31,6,3,13,6,1,0
190,6.34,6,3,13,6,1,0
191,6.37,6,3,13,6,1,0
192,6.41,6,3,14,6,0,0
193,6.44,7,3,14,6,1,0
194,6.47,7,3,14,6,1,0
195,6.51,7,3,14,6,1,0
196,6.54,7,3,14,6,1,0
197,6.57,7,3,14,6,1,0
198,6.61,7,3,14,6,1,0
199,6.64,7,3,14,6,1,0
200,6.67,7,3,14,6,1,0
201,6.71,7,3,14,6,1,0
202,6.74,7,3,14,6,0,0
203,6.77,7,4,14,6,0,1
204,6.81,7,4,14,6,0,1
205,6.84,7,4,14,6,0,1
206,6.87,7,4,14,6,0,1
207,6.91,7,4,14,6,0,0
208,6.94,7,4,14,6,0,0
209,6.97,7,4,14,6,0,0
210,7.01,7,4,14,6,1,0
211,7.04,7,4,14,6,1,0
212,7.07,7,4,14,6,1,0
213,7.11,7,4,14,6,1,0
214,7.14,7,4,14,6,1,0
215,7.17,7,4,14,6,1,0
216,7.21,7,4,14,6,1,0
217,7.24,7,4,14,6,1,0
218,7.27,7,4,14,6,1,0
219,7.31,7,4,14,6,1,0
220,7.34,7,4,14,6,1,0
221,7.37,7,4,15,6,1,0
222,7.41,7,4,15,6,0,0
223,7.44,8,4,15,6,1,0
224,7.47,8,4,15,6,1,0
225,7.51,8,4,15,6,1,0
226,7.54,8,4,15,6,1,0
227,7.57,8,4,15,6,1,0
228,7.61,8,4,15,6,1,0
229,7.64,8,4,15,6,1,0
230,7.67,8,4,15,6,1,0
231,7.71,8,4,15,6,1,0
232,7.74,8,4,15,6,1,0
233,7.77,8,4,15,6,0,0
234,7.81,8,5,15,6,0,1
235,7.84,8,5,15,6,0,1
236,7.87,8,5,15,6,0,0
237,7.91,8,5,15,6,0,0
238,7.94,8,5,15,6,0,0
239,7.97,8,5,15,6,0,0
240,8.01,8,5,15,6,0,0
241,8.04,8,5,15,6,0,0
242,8.07,8,5,15,6,0,0
243,8.11,8,5,15,6,0,0
244,8.14,8,5,15,6,0,0
245,8.17,8,5,15,6,0,0
246,8.21,8,5,15,6,1,0
247,8.24,8,5,15,6,1,0
248,8.27,8,5,15,6,1,0
249,8.31,8,5,15,6,0,0
250,8.34,8,5,15,6,1,0
251,8.38,8,5,15,6,0,0
252,8.41,8,5,15,6,1,0
253,8.44,8,5,15,6,1,0
254,8.48,8,5,15,6,1,0
255,8.51,8,5,15,6,1,0
256,8.54,8,5,15,6,0,0
257,8.58,8,5,15,6,0,0
258,8.61,8,5,15,6,0,0
259,8.64,8,5,15,6,0,0
260,8.68,8,5,15,6,0,0
261,8.71,8,5,15,6,0,0
262,8.74,8,5,15,6,0,0
263,8.78,8,5,15,6,0,1
264,8.81,8,5,15,6,1,1
265,8.84,8,5,15,6,1,1
266,8.88,8,5,15,6,1,1
267,8.91,8,5,15,6,1,1
268,8.94,8,5,15,7,1,0
269,8.98,8,5,15,7,1,0
270,9.01,8,5,15,7,1,0
271,9.04,8,5,15,7,1,0
272,9.08,8,5,15,7,1,0
273,9.11,8,5,15,7,1,0
274,9.14,8,5,15,7,1,0
275,9.18,8,5,15,7,1,0
276,9.21,8,5,15,7,1,0
277,9.24,8,5,15,7,1,0
278,9.28,8,5,15,7,1,0
279,9.31,8,5,15,7,1,0
280,9.34,8,5,15,7,1,0
281,9.38,8,5,15,7,1,0
282,9.41,8,5,16,7,0,0
283,9.44,8,5,16,7,0,0
284,9.48,8,5,16,7,0,0
285,9.51,8,5,16,7,0,0
286,9.54,8,5,16,7,0,0
287,9.58,8,5,16,7,0,0
288,9.61,8,5,16,7,0,0
289,9.64,8,5,16,7,0,0
290,9.68,8,5,16,7,0,0
291,9.71,8,5,16,7,0,0
292,9.74,8,5,16,7,0,0
293,9.78,8,5,16,7,0,0
294,9.81,8,5,16,7,0,0
295,9.84,8,5,16,7,0,0
296,9.88,8,5,16,7,0,0
297,9.91,8,5,16,7,0,0
298,9.94,8,5,16,7,0,0
299,9.98,8,5,16,7,0,0
300,10.01,8,5,16,7,0,0
301,10.04,8,5,16,7,0,0
302,10.08,8,5,16,7,0,0
303,10.11,8,5,16,7,0,0
304,10.14,8,5,16,7,0,0
305,10.18,8,5,16,7,0,0
306,10.21,8,5,16,7,0,0
307,10.24,8,5,16,7,0,0
308,10.28,8,5,16,7,0,0
309,10.31,8,5,16,7,0,0
310,10.34,8,5,16,7,0,0
311,10.38,8,5,16,7,0,0
312,10.41,8,5,16,7,0,0
313,10.44,8,5,16,7,0,0
314,10.48,8,5,16,7,0,0
315,10.51,8,5,16,7,0,0
316,10.54,8,5,16,7,0,0
317,10.58,8,5,16,7,0,0
318,10.61,9,5,16,7,1,0
319,10.64,9,5,16,7,1,0
320,10.68,9,5,16,7,1,0
321,10.71,9,5,16,7,1,0
322,10.74,10,5,16,7,2,0
323,10.78,10,5,16,7,2,0
324,10.81,10,5,16,7,2,0
325,10.84,10,5,16,7,2,0
326,10.88,10,5,16,7,2,0
327,10.91,10,5,16,7,2,0
328,10.94,10,5,16,7,2,0
329,10.98,10,5,16,7,2,0
330,11.01,10,5,16,7,2,0
331,11.04,10,5,16,7,2,0
332,11.08,10,5,16,7,2,0
333,11.11,10,5,16,7,2,0
334,11.14,10,5,16,7,2,0
335,11.18,10,5,16,7,2,0
336,11.21,10,5,16,7,1,0
337,11.24,10,5,16,7,1,0
338,11.28,10,5,16,7,0,0
339,11.31,10,6,16,7,1,1
340,11.34,10,6,16,7,2,1
341,11.38,10,6,16,7,0,1
342,11.41,10,6,16,7,1,1
343,11.44,10,6,16,7,1,1
344,11.48,10,6,16,7,1,0
345,11.51,10,6,16,7,1,0
346,11.54,10,6,16,7,1,0
347,11.58,10,6,16,7,1,1
348,11.61,10,6,17,7,1,1
349,11.64,10,6,17,7,0,1
350,11.68,10,6,17,8,0,0
351,11.71,10,6,17,8,1,0
352,11.75,10,6,17,8,1,0
353,11.78,10,6,17,8,1,0
354,11.81,10,6,17,8,1,0
355,11.85,11,6,17,8,2,0
356,11.88,11,6,17,8,2,0
357,11.91,11,6,17,8,2,0
358,11.95,11,6,17,8,2,0
359,11.98,11,6,18,8,1,0
360,12.01,11,6,18,8,1,0
361,12.05,11,6,18,8,1,0
362,12.08,11,6,18,8,1,0
363,12.11,11,7,18,8,0,1
364,12.15,11,7,18,8,0,1
365,12.18,11,7,18,8,0,1
366,12.21,11,7,18,8,0,1
367,12.25,11,7,18,8,0,0
368,12.28,11,7,18,8,0,0
369,12.31,11,7,18,8,0,0
370,12.35,11,7,18,8,0,0
371,12.38,11,7,18,8,0,0
372,12.41,11,7,18,8,0,0
373,12.45,11,7,18,8,0,0
374,12.48,11,7,18,8,0,0
375,12.51,11,7,18,8,0,0
376,12.55,11,7,18,8,0,0
377,12.58,11,7,18,8,0,0
378,12.61,11,7,18,8,0,0
379,12.65,11,7,18,8,0,0
380,12.68,11,7,18,8,0,0
381,12.71,11,7,18,8,0,1
382,12.75,11,7,18,8,0,2
383,12.78,11,7,18,8,0,2
384,12.81,11,7,18,8,0,2
385,12.85,11,7,18,10,1,0
386,12.88,11,7,18,10,2,0
387,12.91,11,7,18,10,2,0
388,12.95,11,7,18,10,2,0
389,12.98,11,7,18,10,2,0
390,13.01,11,7,18,10,2,0
391,13.05,11,7,18,10,2,0
392,13.08,11,7,18,10,2,0
393,13.11,11,7,20,10,0,0
394,13.15,11,7,20,10,0,0
395,13.18,11,7,20,10,0,0
396,13.21,11,7,20,10,0,0
397,13.25,11,7,20,10,0,0
398,13.28,11,7,20,10,0,0
399,13.31,11,7,20,10,0,0
400,13.35,11,7,20,10,0,0
401,13.38,11,7,20,10,0,0
402,13.41,11,7,20,10,0,0
403,13.45,11,7,20,10,1,0
404,13.48,11,7,20,10,1,0
405,13.51,11,7,20,10,1,0
406,13.55,11,7,20,10,1,0
407,13.58,11,7,21,10,0,0
408,13.61,11,7,21,10,0,0
409,13.65,11,7,21,10,0,0
410,13.68,11,7,21,10,0,0
411,13.71,11,7,21,10,0,0
412,13.75,11,7,21,10,0,0
413,13.78,11,7,21,10,0,0
414,13.81,11,7,21,10,0,0
415,13.85,11,7,21,10,0,0
416,13.88,11,7,21,10,0,0
417,13.91,11,7,21,10,0,0
418,13.95,11,7,21,10,0,0
419,13.98,11,7,21,10,0,0
420,14.01,11,7,21,10,0,1
421,14.05,11,7,21,10,0,1
422,14.08,11,7,21,11,0,0
423,14.11,11,7,21,11,1,0
424,14.15,11,7,21,11,1,0
425,14.18,11,7,21,11,1,0
426,14.21,11,7,21,11,1,0
427,14.25,11,7,21,11,1,0
428,14.28,11,7,22,11,0,0
429,14.31,11,7,22,11,0,0
430,14.35,11,7,22,11,0,0
431,14.38,11,7,22,11,0,0
432,14.41,11,7,22,11,0,0
433,14.45,11,7,22,11,0,0
434,14.48,11,7,22,11,1,0
435,14.51,11,7,22,11,0,0
436,14.55,11,7,23,11,0,0
437,14.58,11,7,23,11,0,0
438,14.61,11,7,23,11,0,0
439,14.65,11,7,23,11,0,0
440,14.68,12,7,23,11,1,0
441,14.71,12,7,23,11,1,0
442,14.75,12,7,23,11,1,0
443,14.78,12,7,23,11,0,0
444,14.81,12,7,23,11,0,0
445,14.85,12,7,23,11,0,0
446,14.88,12,7,23,11,0,0
447,14.91,12,7,23,11,0,0
448,14.95,12,7,23,11,0,1
449,14.98,12,7,23,11,0,1
450,15.02,12,7,23,11,0,1
451,15.05,12,7,23,12,0,0
452,15.08,12,7,23,12,1,0
453,15.12,12,7,23,12,1,0
454,15.15,12,7,23,12,1,0
455,15.18,12,7,23,12,1,0
456,15.22,12,7,23,12,1,0
457,15.25,12,7,24,12,0,0
458,15.28,12,7,24,12,0,0
459,15.32,12,7,24,12,0,0
460,15.35,12,7,24,12,0,0
461,15.38,12,7,24,12,0,0
462,15.42,12,7,24,12,0,0
463,15.45,12,7,24,12,0,0
464,15.48,12,7,24,12,0,0
465,15.52,12,7,24,12,0,0
466,15.55,12,7,24,12,0,0
467,15.58,12,7,24,12,0,0
468,15.62,12,7,24,12,0,0
469,15.65,12,7,24,12,0,0
470,15.68,12,7,24,12,0,0
471,15.72,12,7,24,12,0,0
472,15.75,12,7,24,12,0,0
473,15.78,12,7,24,12,0,0
474,15.82,12,7,24,12,0,0
475,15.85,12,7,24,12,0,0
476,15.88,12,7,24,12,0,0
477,15.92,12,7,24,12,0,0
478,15.95,12,7,24,12,0,0
479,15.98,12,7,24,12,0,0
480,16.02,12,7,24,12,0,0
481,16.05,12,7,24,12,0,0
482,16.08,12,7,24,12,0,0
483,16.12,12,7,24,12,0,0
484,16.15,12,7,24,12,0,0
485,16.18,12,7,24,12,0,0
486,16.22,12,7,24,12,0,0
487,16.25,12,7,24,12,0,0
488,16.28,12,7,24,12,0,0
489,16.32,12,7,24,12,0,0
490,16.35,12,7,24,12,0,0
491,16.38,12,7,24,12,0,0
492,16.42,12,7,24,12,0,0
493,16.45,12,7,24,12,0,0
494,16.48,12,7,24,12,0,0
495,16.52,12,7,24,12,0,0
496,16.55,12,7,24,12,0,0
497,16.58,12,7,24,12,0,0
498,16.62,12,7,24,12,0,0
499,16.65,12,7,24,12,0,0
500,16.68,12,7,24,12,0,0
501,16.72,12,7,24,12,0,0
502,16.75,12,7,24,12,0,0
503,16.78,12,7,24,12,0,0
504,16.82,12,7,24,12,0,0
505,16.85,12,7,24,12,0,0
506,16.88,12,7,24,12,0,0
507,16.92,12,7,24,12,0,0
508,16.95,12,7,24,12,0,0
509,16.98,12,7,24,12,0,0
510,17.02,12,7,24,12,0,0
511,17.05,12,7,24,12,0,0
512,17.08,12,7,24,12,0,0
513,17.12,12,7,24,12,0,0
514,17.15,12,7,24,12,0,0
515,17.18,12,7,24,12,0,0
516,17.22,12,7,24,12,0,0
517,17.25,12,7,24,12,0,0
518,17.28,12,7,24,12,0,0
519,17.32,12,7,24,12,0,0
520,17.35,12,7,24,12,0,0
521,17.38,12,7,24,12,0,0
522,17.42,12,7,24,12,0,0
523,17.45,12,7,24,12,0,0
524,17.48,12,7,24,12,0,0
525,17.52,12,7,24,12,0,0
526,17.55,12,7,24,12,0,0
527,17.58,12,7,24,12,0,1
528,17.62,12,7,24,12,0,1
529,17.65,12,7,24,12,0,1
530,17.68,12,7,24,13,0,0
531,17.72,12,7,24,13,1,0
532,17.75,12,7,24,13,1,0
533,17.78,12,7,24,13,1,0
534,17.82,12,7,24,13,1,0
535,17.85,12,7,24,13,1,0
536,17.88,12,7,25,13,0,0
537,17.92,12,7,25,13,0,0
538,17.95,12,7,25,13,0,0
539,17.98,12,7,25,13,0,0
540,18.02,12,7,25,13,0,0
541,18.05,12,7,25,13,0,0
542,18.08,12,7,25,13,0,0
543,18.12,12,7,25,13,0,0
544,18.15,12,7,25,13,0,0
545,18.18,12,7,25,13,0,0
546,18.22,12,7,25,13,0,0
547,18.25,12,7,25,13,0,0
548,18.28,12,7,25,13,0,0
549,18.32,12,7,25,13,0,0
550,18.35,12,7,25,13,0,0
551,18.39,12,7,25,13,0,0
552,18.42,12,7,25,13,0,0
553,18.45,12,7,25,13,0,0
554,18.49,12,7,25,13,0,0
555,18.52,12,7,25,13,0,0
556,18.55,12,7,25,13,0,0
557,18.59,12,7,25,13,0,0
558,18.62,13,7,25,13,1,0
559,18.65,13,7,25,13,1,0
560,18.69,13,7,25,13,1,0
561,18.72,13,7,25,13,0,0
562,18.75,13,7,25,13,0,0
563,18.79,13,7,25,13,0,0
564,18.82,13,7,25,13,0,0
565,18.85,13,7,25,13,0,0
566,18.89,13,7,25,13,0,0
567,18.92,13,7,25,13,0,0
568,18.95,13,7,25,13,0,0
569,18.99,13,7,25,13,0,0
570,19.02,13,7,25,13,0,0
571,19.05,13,7,25,13,0,0
572,19.09,13,7,25,13,0,0
573,19.12,13,7,25,13,0,0
574,19.15,13,7,25,13,1,0
575,19.19,13,7,25,13,1,0
576,19.22,13,7,25,13,1,0
577,19.25,13,7,26,13,0,0
578,19.29,13,7,26,13,0,0
579,19.32,13,7,26,13,0,0
580,19.35,13,7,26,13,0,0
581,19.39,13,7,26,13,0,0
582,19.42,13,7,26,13,0,0
583,19.45,13,7,26,13,0,0
584,19.49,13,7,26,13,0,0
585,19.52,13,7,26,13,0,0
586,19.55,13,7,26,13,0,0
587,19.59,13,7,26,13,0,0
588,19.62,13,7,26,13,0,0
589,19.65,13,7,26,13,0,0
590,19.69,13,7,26,13,0,0
591,19.72,13,7,26,13,0,0
592,19.75,13,7,26,13,0,0
593,19.79,13,7,26,13,0,0
594,19.82,13,7,26,13,0,0
595,19.85,13,7,26,13,0,0
596,19.89,13,7,26,13,0,0
597,19.92,13,7,26,13,0,0
598,19.95,13,7,26,13,0,0
599,19.99,13,7,26,13,0,0
600,20.02,13,7,26,13,0,0
601,20.05,13,7,26,13,0,0
602,20.09,13,7,26,13,0,0
603,20.12,13,7,26,13,0,0
604,20.15,13,7,26,13,0,0
605,20.19,13,7,26,13,0,0
606,20.22,13,7,26,13,0,0
607,20.25,13,7,26,13,0,0
608,20.29,13,7,26,13,0,0
609,20.32,13,7,26,13,0,0
610,20.35,13,7,26,13,0,0
611,20.39,13,7,26,13,0,0
612,20.42,13,7,26,13,0,0
613,20.45,13,7,26,13,0,0
614,20.49,13,7,26,13,0,0
615,20.52,13,7,26,13,0,0
616,20.55,13,7,26,13,0,0
617,20.59,13,7,26,13,0,0
618,20.62,13,7,26,13,0,0
619,20.65,13,7,26,13,0,0
620,20.69,13,7,26,13,0,0
621,20.72,13,7,26,13,0,0
622,20.75,14,7,26,13,1,0
623,20.79,14,7,26,13,1,0
624,20.82,14,7,26,13,1,0
625,20.85,14,7,26,13,1,0
626,20.89,14,7,26,13,1,0
627,20.92,14,7,26,13,1,0
628,20.95,14,7,26,13,0,0
629,20.99,14,7,26,13,0,0
630,21.02,14,8,26,13,0,1
631,21.05,14,8,26,13,0,0
632,21.09,14,8,26,13,0,0
633,21.12,14,8,26,13,0,0
634,21.15,14,8,26,13,0,0
635,21.19,14,8,26,13,0,0
636,21.22,14,8,26,13,0,0
637,21.25,14,8,26,13,0,0
638,21.29,14,8,26,13,0,0
639,21.32,14,8,26,13,0,1
640,21.35,14,8,26,14,0,0
641,21.39,14,8,26,14,1,0
642,21.42,14,8,26,14,1,0
643,21.45,14,8,26,14,1,0
644,21.49,14,8,26,14,1,0
645,21.52,14,8,26,14,1,0
646,21.55,14,8,27,14,0,0
647,21.59,14,8,27,14,0,0
648,21.62,14,8,27,14,0,0
649,21.65,14,8,27,14,0,0
650,21.69,14,8,27,14,0,0
651,21.72,14,8,27,14,0,0
652,21.76,14,8,27,14,0,0
653,21.79,14,8,27,14,0,0
654,21.82,14,8,27,14,0,0
655,21.86,14,8,27,14,0,0
656,21.89,14,8,27,14,0,0
657,21.92,14,8,27,14,0,1
658,21.96,14,8,27,14,0,1
659,21.99,14,8,27,15,1,0
660,22.02,14,8,27,15,1,0
661,22.06,14,8,27,15,1,0
662,22.09,14,8,27,15,1,0
663,22.12,14,8,27,15,2,0
664,22.16,15,8,28,15,2,0
665,22.19,15,8,29,15,1,0
666,22.22,15,8,29,15,0,0
667,22.26,15,8,29,15,0,0
668,22.29,15,8,29,15,0,0
669,22.32,15,8,29,15,0,0
670,22.36,15,8,29,15,0,0
671,22.39,15,8,29,15,0,0
672,22.42,15,8,29,15,0,0
673,22.46,16,8,29,15,1,0
674,22.49,16,8,29,15,1,0
675,22.52,16,8,29,15,1,0
676,22.56,16,8,29,15,1,0
677,22.59,16,8,29,15,1,0
678,22.62,16,8,29,15,0,0
679,22.66,16,9,29,15,0,1
680,22.69,16,9,29,15,0,0
681,22.72,16,9,29,15,0,0
682,22.76,16,9,29,15,0,0
683,22.79,16,9,29,15,0,0
684,22.82,16,9,29,15,0,0
685,22.86,16,9,29,15,0,0
686,22.89,16,9,29,15,0,0
687,22.92,16,9,29,15,0,0
688,22.96,16,9,29,15,0,0
689,22.99,16,9,29,15,0,0
690,23.02,16,9,29,15,0,0
691,23.06,16,9,29,15,0,0
692,23.09,16,9,29,15,0,0
693,23.12,16,9,29,15,0,0
694,23.16,16,9,29,15,0,0
695,23.19,16,9,29,15,0,0
696,23.22,16,9,29,15,0,0
697,23.26,16,9,29,15,0,0
698,23.29,16,9,29,15,0,0
699,23.32,16,9,29,15,0,0
700,23.36,16,9,29,15,0,0
701,23.39,16,9,29,15,0,0
702,23.42,16,9,29,15,0,0
703,23.46,16,9,29,15,0,1
704,23.49,16,9,29,15,0,1
705,23.52,16,9,29,15,0,1
706,23.56,16,9,29,15,0,0
707,23.59,17,9,29,16,2,0
708,23.62,17,9,29,16,3,0
709,23.66,17,9,29,16,2,0
710,23.69,17,9,29,16,3,0
711,23.72,17,9,29,16,2,0
712,23.76,18,10,31,16,1,1
713,23.79,18,10,31,16,1,1
714,23.82,18,10,31,16,0,1
715,23.86,18,10,31,16,0,0
716,23.89,18,10,31,16,0,0
717,23.92,18,10,31,16,0,0
718,23.96,18,10,31,16,0,0
719,23.99,18,10,31,16,0,0
720,24.02,18,10,31,16,0,0
721,24.06,18,10,31,16,0,0
722,24.09,18,10,31,16,0,0
723,24.12,18,10,31,16,0,0
724,24.16,18,10,31,16,0,0
725,24.19,18,10,31,16,0,0
726,24.22,18,10,31,16,0,0
727,24.26,18,10,31,16,0,0
728,24.29,18,10,31,16,0,0
729,24.32,18,10,31,16,0,0
730,24.36,18,10,31,16,0,0
731,24.39,18,10,31,16,0,0
732,24.42,18,10,31,16,0,0
733,24.46,18,10,31,16,0,0
734,24.49,18,10,31,16,0,0
735,24.52,18,10,31,16,0,0
736,24.56,18,10,31,16,0,0
737,24.59,18,10,31,16,0,0
738,24.62,18,10,31,16,0,0
739,24.66,18,10,31,16,0,0
740,24.69,18,10,31,16,0,0
741,24.72,18,10,31,16,0,0
742,24.76,18,10,31,16,0,0
743,24.79,18,10,31,16,0,0
744,24.82,18,10,31,16,0,0
745,24.86,18,10,31,16,0,0
746,24.89,18,10,31,16,0,0
747,24.92,18,10,31,16,0,0
748,24.96,18,10,31,16,0,0
749,24.99,18,10,31,16,0,0
750,25.03,18,10,31,16,0,0
751,25.06,18,10,31,16,0,0
752,25.09,18,10,31,16,0,0
753,25.13,18,10,31,16,0,0
754,25.16,18,10,31,16,0,0
755,25.19,18,10,31,16,0,0
756,25.23,18,10,31,16,0,0
757,25.26,18,10,31,16,0,0
758,25.29,18,10,31,16,0,0
759,25.33,18,10,31,16,0,0
760,25.36,19,10,31,16,1,0
761,25.39,19,10,31,16,1,0
762,25.43,19,10,31,16,0,0
763,25.46,19,10,31,16,0,0
764,25.49,19,10,31,16,0,0
765,25.53,19,10,31,16,0,0
766,25.56,19,10,31,16,0,0
767,25.59,19,10,31,16,0,1
768,25.63,19,10,31,16,0,1
769,25.66,19,10,31,16,0,1
770,25.69,19,10,31,17,1,0
771,25.73,19,10,31,17,1,0
772,25.76,19,10,31,17,1,0
773,25.79,19,10,31,17,1,0
774,25.83,19,10,31,17,1,1
775,25.86,19,10,31,17,1,0
776,25.89,19,10,32,17,0,1
777,25.93,19,10,32,18,0,0
778,25.96,19,10,32,18,1,0
779,25.99,19,10,32,18,1,0
780,26.03,19,10,32,18,1,0
781,26.06,19,10,32,18,1,0
782,26.09,19,10,32,18,1,0
783,26.13,19,10,33,18,0,0
784,26.16,19,10,33,18,0,0
785,26.19,19,10,33,18,0,0
786,26.23,19,10,33,18,0,0
787,26.26,19,10,33,18,0,0
788,26.29,19,10,33,18,0,0
789,26.33,19,10,33,18,0,0
790,26.36,19,10,33,18,0,0
791,26.39,19,10,33,18,0,0
792,26.43,19,10,33,18,0,0
793,26.46,19,10,33,18,0,0
794,26.49,19,10,33,18,0,0
795,26.53,19,10,33,18,0,0
796,26.56,19,10,33,18,0,1
797,26.59,19,10,33,18,0,1
798,26.63,19,10,33,18,0,1
799,26.66,19,10,33,19,1,0
800,26.69,19,10,33,19,1,0
801,26.73,19,10,33,19,1,0
802,26.76,19,10,33,19,1,0
803,26.79,19,10,33,19,1,0
804,26.83,19,10,33,19,1,0
805,26.86,19,10,34,19,0,0
806,26.89,19,10,34,19,0,0
807,26.93,19,10,34,19,0,0
808,26.96,19,10,34,19,0,0
809,26.99,19,10,34,19,0,0
810,27.03,19,10,34,19,0,0
811,27.06,19,10,34,19,0,0
812,27.09,19,10,34,19,0,0
813,27.13,19,10,34,19,0,0
814,27.16,19,10,34,19,0,0
815,27.19,19,10,34,19,0,0
816,27.23,19,10,34,19,0,0
817,27.26,20,10,34,19,1,0
818,27.29,20,10,34,19,1,0
819,27.33,20,10,34,19,1,0
820,27.36,20,10,34,19,1,0
821,27.39,20,10,34,19,1,0
822,27.43,20,11,34,19,0,1
823,27.46,20,11,34,19,0,1
824,27.49,20,11,34,19,0,1
825,27.53,20,11,34,19,0,1
826,27.56,21,11,34,19,1,1
827,27.59,21,11,34,20,1,0
828,27.63,21,11,34,20,2,0
829,27.66,21,11,34,20,2,0
830,27.69,21,11,34,20,2,0
831,27.73,21,12,34,20,1,1
832,27.76,21,12,34,20,1,1
833,27.79,21,12,35,20,0,1
834,27.83,21,12,35,20,0,1
835,27.86,21,12,35,20,0,0
836,27.89,21,12,35,20,0,0
837,27.93,21,12,35,20,0,0
838,27.96,21,12,35,20,0,0
839,27.99,21,12,35,20,0,0
840,28.03,21,12,35,20,0,0
841,28.06,21,12,35,20,0,0
842,28.09,21,12,35,20,0,0
843,28.13,21,12,35,20,0,0
844,28.16,21,12,35,20,0,0
845,28.19,21,12,35,20,0,0
846,28.23,21,12,35,20,0,0
847,28.26,21,12,35,20,0,0
848,28.29,21,12,35,20,0,0
849,28.33,21,12,35,20,0,0
850,28.36,21,12,35,20,0,0
851,28.4,21,12,35,20,0,0
852,28.43,21,12,35,20,0,0
853,28.46,21,12,35,20,0,0
854,28.5,21,12,35,20,0,0
855,28.53,21,12,35,20,0,0
856,28.56,21,12,35,20,0,0
857,28.6,21,12,35,20,0,0
858,28.63,21,12,35,20,0,0
859,28.66,21,12,35,20,0,0
860,28.7,21,12,35,20,0,0
861,28.73,21,12,35,20,0,0
862,28.76,21,12,35,20,0,0
863,28.8,21,12,35,20,0,0
864,28.83,21,12,35,20,1,0
865,28.86,21,12,35,20,1,0
866,28.9,21,12,36,20,0,0
867,28.93,21,12,36,20,0,0
868,28.96,21,12,36,20,0,0
869,29.0,21,12,36,20,0,0
870,29.03,21,12,36,20,0,0
871,29.06,21,12,36,20,0,0
872,29.1,21,12,36,20,0,0
873,29.13,21,12,36,20,0,0
874,29.16,21,12,36,20,0,0
875,29.2,21,12,36,20,0,0
876,29.23,21,12,36,20,0,0
877,29.26,21,12,36,20,0,0
878,29.3,21,12,36,20,0,0
879,29.33,21,12,36,20,0,0
880,29.36,21,12,36,20,0,0
881,29.4,21,12,36,20,0,0
882,29.43,21,12,36,20,0,0
883,29.46,21,12,36,20,0,0
884,29.5,21,12,36,20,0,0
885,29.53,21,12,36,20,0,0
886,29.56,21,12,36,20,0,0
887,29.6,21,12,36,20,0,0
888,29.63,21,12,36,20,0,0
889,29.66,21,12,36,20,0,0
890,29.7,21,12,36,20,0,0
891,29.73,21,12,36,20,0,0
892,29.76,21,12,36,20,0,0
893,29.8,21,12,36,20,0,0
894,29.83,21,12,36,20,0,0
895,29.86,21,12,36,20,0,0
896,29.9,21,12,36,20,0,0
897,29.93,21,12,36,20,0,0
898,29.96,21,12,36,20,0,0
899,30.0,21,12,36,20,0,0
900,30.03,21,12,36,20,0,0
901,30.06,21,12,36,20,0,0
902,30.1,21,12,36,20,1,0
903,30.13,21,12,36,20,0,0
904,30.16,21,12,37,20,0,0
905,30.2,21,12,37,20,0,0
906,30.23,21,12,37,20,0,0
907,30.26,21,12,37,20,0,0
908,30.3,21,12,37,20,0,0
909,30.33,21,12,37,20,0,0
910,30.36,21,12,37,20,0,0
911,30.4,21,12,37,20,0,0
912,30.43,21,12,37,20,0,0
913,30.46,21,12,37,20,0,0
914,30.5,21,12,37,20,0,0
915,30.53,21,12,37,20,0,0
916,30.56,21,12,37,20,0,0
917,30.6,21,12,37,20,0,0
918,30.63,21,12,37,20,0,0
919,30.66,21,12,37,20,0,0
920,30.7,21,12,37,20,0,0
921,30.73,21,12,37,20,0,0
922,30.76,21,12,37,20,0,0
923,30.8,21,12,37,20,0,0
924,30.83,21,12,37,20,0,0
925,30.86,21,12,37,20,0,0
926,30.9,21,12,37,20,0,0
927,30.93,21,12,37,20,0,0
928,30.96,21,12,37,20,0,0
929,31.0,21,12,37,20,0,0
930,31.03,21,12,37,20,0,0
931,31.06,21,12,37,20,0,0
932,31.1,21,12,37,20,0,0
933,31.13,21,12,37,20,0,0
934,31.16,21,12,37,20,0,0
935,31.2,21,12,37,20,0,0
936,31.23,21,12,37,20,0,0
937,31.26,21,12,37,20,0,0
938,31.3,21,12,37,20,0,0
939,31.33,21,12,37,20,0,0
940,31.36,21,12,37,20,0,0
941,31.4,21,12,37,20,0,0
942,31.43,21,12,37,20,0,0
943,31.46,21,12,37,20,0,0
944,31.5,21,12,37,20,0,1
945,31.53,21,12,37,20,0,1
946,31.56,21,12,37,21,1,0
947,31.6,21,12,37,21,1,0
948,31.63,21,12,37,21,1,0
949,31.66,21,12,37,21,1,0
950,31.7,21,12,37,21,1,0
951,31.73,21,12,38,21,0,0
952,31.77,21,12,38,21,0,0
953,31.8,21,12,38,21,0,0
954,31.83,21,12,38,21,0,0
955,31.87,21,12,38,21,0,0
956,31.9,21,12,38,21,0,0
957,31.93,21,12,38,21,0,0
958,31.97,21,12,38,21,0,0
959,32.0,22,12,38,21,1,0
960,32.03,22,12,38,21,1,0
961,32.07,22,12,38,21,1,0
962,32.1,22,12,38,21,1,0
963,32.13,22,12,38,21,0,0
964,32.17,22,13,38,21,0,1
965,32.2,22,13,38,21,0,2
966,32.23,22,13,38,21,0,1
967,32.27,22,13,38,21,0,0
968,32.3,22,13,38,21,0,0
969,32.33,22,13,38,21,0,0
970,32.37,22,13,38,21,0,0
971,32.4,22,13,38,21,0,0
972,32.43,22,13,38,21,0,0
973,32.47,22,13,38,21,0,0
974,32.5,22,13,38,21,0,0
975,32.53,22,13,38,21,0,0
976,32.57,22,13,38,21,0,0
977,32.6,22,13,38,21,0,0
978,32.63,22,13,38,21,0,0
979,32.67,22,13,38,21,0,0
980,32.7,22,13,38,21,0,0
981,32.73,22,13,38,21,0,0
982,32.77,22,13,38,21,0,0
983,32.8,22,13,38,21,0,0
984,32.83,22,13,38,21,0,0
985,32.87,22,13,38,21,0,0
986,32.9,22,13,38,21,0,0
987,32.93,22,13,38,21,0,0
988,32.97,22,13,38,21,0,0
989,33.0,22,13,38,21,0,0
990,33.03,22,13,38,21,0,0
991,33.07,22,13,38,21,0,0
992,33.1,22,13,38,21,0,0
993,33.13,22,13,38,21,0,0
994,33.17,22,13,38,21,0,0
995,33.2,22,13,38,21,0,0
996,33.23,22,13,38,21,0,0
997,33.27,22,13,38,21,0,0
998,33.3,22,13,38,21,0,0
999,33.33,22,13,38,21,0,0
1000,33.37,22,13,38,21,0,0
1001,33.4,22,13,38,21,0,0
1002,33.43,22,13,38,21,0,0
1003,33.47,22,13,38,21,0,0
1004,33.5,22,13,38,21,0,0
1005,33.53,22,13,38,21,0,0
1006,33.57,22,13,38,21,0,0
1007,33.6,22,13,38,21,0,0
1008,33.63,22,13,38,21,0,0
1009,33.67,22,13,38,21,0,0
1010,33.7,22,13,38,21,0,0
1011,33.73,22,13,38,21,0,0
1012,33.77,22,13,38,21,0,0
1013,33.8,22,13,38,21,0,0
1014,33.83,22,13,38,21,0,0
1015,33.87,22,13,38,21,0,0
1016,33.9,22,13,38,21,0,0
1017,33.93,22,13,38,21,0,0
1018,33.97,22,13,38,21,0,0
1019,34.0,22,13,38,21,0,0
1020,34.03,22,13,38,21,0,0
1021,34.07,22,13,38,21,0,0
1022,34.1,22,13,38,21,0,0
1023,34.13,22,13,38,21,0,0
1024,34.17,22,13,38,21,0,0
1025,34.2,22,13,38,21,0,0
1026,34.23,22,13,38,21,0,0
1027,34.27,22,13,38,21,0,0
1028,34.3,22,13,38,21,0,0
1029,34.33,22,13,38,21,0,0
1030,34.37,22,13,38,21,0,0
1031,34.4,22,13,38,21,0,0
1032,34.43,22,13,38,21,0,0
1033,34.47,22,13,38,21,0,0
1034,34.5,22,13,38,21,0,0
1035,34.53,22,13,38,21,0,0
1036,34.57,22,13,38,21,0,0
1037,34.6,22,13,38,21,0,0
1038,34.63,22,13,38,21,0,0
1039,34.67,22,13,38,21,0,0
1040,34.7,22,13,38,21,0,0
1041,34.73,22,13,38,21,0,0
1042,34.77,22,13,38,21,0,0
1043,34.8,22,13,38,21,0,0
1044,34.83,22,13,38,21,0,0
1045,34.87,22,13,38,21,0,0
1046,34.9,22,13,38,21,0,0
1047,34.93,22,13,38,21,0,0
1048,34.97,22,13,38,21,0,0
1049,35.0,22,13,38,21,0,0
1050,35.04,22,13,38,21,0,0
1051,35.07,22,13,38,21,0,0
1052,35.1,22,13,38,21,0,0
1053,35.14,22,13,38,21,0,0
1054,35.17,22,13,38,21,0,1
1055,35.2,22,13,38,21,0,1
1056,35.24,22,13,38,22,0,0
1057,35.27,22,13,38,22,1,0
1058,35.3,23,13,38,22,2,0
1059,35.34,23,13,38,22,1,0
1060,35.37,23,13,38,22,1,0
1061,35.4,23,13,38,22,1,0
1062,35.44,23,13,39,22,0,0
1063,35.47,23,13,39,22,0,0
1064,35.5,23,13,39,22,0,0
1065,35.54,23,13,40,22,0,0
1066,35.57,23,13,40,22,0,0
1067,35.6,23,13,40,22,0,0
1068,35.64,23,13,40,22,0,0
1069,35.67,23,13,40,22,0,0
1070,35.7,23,13,40,22,0,0
1071,35.74,23,13,40,22,0,0
1072,35.77,23,13,40,22,0,0
1073,35.8,23,13,40,22,0,0
1074,35.84,23,13,40,22,0,0
1075,35.87,23,13,40,22,0,0
1076,35.9,23,13,40,22,0,0
1077,35.94,23,13,40,22,0,0
1078,35.97,23,13,40,22,0,0
1079,36.0,24,13,40,22,1,0
1080,36.04,24,13,40,22,1,0
1081,36.07,24,13,40,22,1,0
1082,36.1,24,13,40,22,1,0
1083,36.14,24,14,40,22,0,1
1084,36.17,24,14,40,22,0,1
1085,36.2,24,14,40,22,0,1
1086,36.24,24,14,40,22,0,1
1087,36.27,24,14,40,22,0,0
1088,36.3,24,14,40,22,0,0
1089,36.34,24,14,40,22,0,0
1090,36.37,24,14,40,22,0,0
1091,36.4,25,14,40,22,1,0
1092,36.44,25,14,40,22,0,0
1093,36.47,25,14,40,22,0,0
1094,36.5,25,14,40,22,0,0
1095,36.54,26,14,40,22,1,0
1096,36.57,26,14,40,22,1,0
1097,36.6,26,14,40,22,1,0
1098,36.64,26,14,40,22,1,0
1099,36.67,26,14,40,22,1,0
1100,36.7,26,14,40,22,1,0
1101,36.74,26,15,40,22,0,1
1102,36.77,26,15,40,22,0,1
1103,36.8,27,15,40,22,1,0
1104,36.84,27,15,40,22,1,0
1105,36.87,27,15,40,22,1,0
1106,36.9,27,15,40,22,1,0
1107,36.94,27,15,40,22,1,0
1108,36.97,27,16,40,22,0,1
1109,37.0,27,16,40,22,0,1
1110,37.04,27,16,40,22,0,1
1111,37.07,27,16,40,22,0,0
1112,37.1,27,16,40,22,0,0
1113,37.14,27,16,40,22,0,0
1114,37.17,27,16,40,22,0,0
1115,37.2,27,16,40,22,0,0
1116,37.24,27,16,40,22,0,0
1117,37.27,27,16,40,22,0,0
1118,37.3,27,16,40,22,0,1
1119,37.34,27,16,40,22,0,1
1120,37.37,27,16,40,22,0,1
1121,37.4,27,16,40,23,1,0
1122,37.44,27,16,40,23,1,0
1123,37.47,27,16,40,23,1,0
1124,37.5,27,16,40,23,1,0
1125,37.54,27,16,40,23,1,0
1126,37.57,27,16,41,23,0,0
1127,37.6,27,16,41,23,0,0
1128,37.64,27,16,41,23,0,0
1129,37.67,27,16,41,23,0,0
1130,37.7,27,16,41,23,0,0
1131,37.74,27,16,41,23,0,0
1132,37.77,27,16,41,23,1,0
1133,37.8,27,16,41,23,1,0
1134,37.84,27,16,42,23,0,0
1135,37.87,27,16,42,23,0,0
1136,37.9,27,16,42,23,0,0
1137,37.94,27,16,42,23,0,0
1138,37.97,27,16,42,23,0,0
1139,38.0,27,16,42,23,0,0
1140,38.04,27,16,42,23,0,0
1141,38.07,27,16,42,23,0,0
1142,38.1,27,16,42,23,0,0
1143,38.14,27,16,42,23,0,0
1144,38.17,27,16,42,23,0,0
1145,38.2,27,16,42,23,0,0
1146,38.24,27,16,42,23,0,0
1147,38.27,27,16,42,23,0,0
1148,38.3,27,16,42,23,0,0
1149,38.34,27,16,42,23,0,0
1150,38.37,27,16,42,23,0,0
1151,38.41,27,16,42,23,0,0
1152,38.44,27,16,42,23,0,0
1153,38.47,27,16,42,23,0,0
1154,38.51,27,16,42,23,0,0
1155,38.54,27,16,42,23,0,0
1156,38.57,27,16,42,23,0,0
1157,38.61,27,16,42,23,0,0
1158,38.64,27,16,42,23,0,0
1159,38.67,27,16,42,23,0,0
1160,38.71,27,16,42,23,0,0
1161,38.74,27,16,42,23,0,0
1162,38.77,27,16,42,23,0,0
1163,38.81,27,16,42,23,0,0
1164,38.84,27,16,42,23,0,0
1165,38.87,27,16,42,23,0,0
1166,38.91,27,16,42,23,0,0
1167,38.94,27,16,42,23,0,0
1168,38.97,27,16,42,23,0,0
1169,39.01,27,16,42,23,0,0
1170,39.04,27,16,42,23,0,0
1171,39.07,27,16,42,23,0,0
1172,39.11,27,16,42,23,0,0
1173,39.14,27,16,42,23,0,0
1174,39.17,27,16,42,23,0,0
1175,39.21,27,16,42,23,0,0
1176,39.24,27,16,42,23,0,0
1177,39.27,27,16,42,23,0,0
1178,39.31,27,16,42,23,0,0
1179,39.34,27,16,42,23,0,0
1180,39.37,27,16,42,23,0,0
1181,39.41,27,16,42,23,0,0
1182,39.44,27,16,42,23,0,0
1183,39.47,27,16,42,23,0,0
1184,39.51,27,16,42,23,0,0
1185,39.54,27,16,42,23,0,0
1186,39.57,27,16,42,23,0,0
1187,39.61,27,16,42,23,0,0
1188,39.64,27,16,42,23,0,0
1189,39.67,27,16,42,23,0,0
1190,39.71,27,16,42,23,0,0
1191,39.74,27,16,42,23,0,0
1192,39.77,27,16,42,23,0,0
1193,39.81,27,16,42,23,0,0
1194,39.84,27,16,42,23,0,0
1195,39.87,27,16,42,23,0,0
1196,39.91,27,16,42,23,0,0
1197,39.94,27,16,42,23,0,0
1198,39.97,27,16,42,23,0,0
1199,40.01,27,16,42,23,0,0
1200,40.04,27,16,42,23,0,0
1201,40.07,27,16,42,23,0,0
1202,40.11,27,16,42,23,0,0
1203,40.14,27,16,42,23,0,0
1204,40.17,27,16,42,23,0,0
1205,40.21,27,16,42,23,0,0
1206,40.24,27,16,42,23,0,0
1207,40.27,27,16,42,23,0,0
1208,40.31,27,16,42,23,0,0
1209,40.34,27,16,42,23,0,0
1210,40.37,27,16,42,23,0,0
1211,40.41,27,16,42,23,0,0
1212,40.44,27,16,42,23,0,0
1213,40.47,27,16,42,23,0,0
1214,40.51,27,16,42,23,0,0
1215,40.54,27,16,42,23,0,0
1216,40.57,27,16,42,23,0,0
1217,40.61,27,16,42,23,0,0
1218,40.64,27,16,42,23,0,0
1219,40.67,27,16,42,23,0,0
1220,40.71,27,16,42,23,0,0
1221,40.74,27,16,42,23,1,0
1222,40.77,27,16,43,23,0,0
1223,40.81,27,16,43,23,0,0
1224,40.84,27,16,43,23,0,0
1225,40.87,27,16,43,23,0,0
1226,40.91,27,16,43,23,0,0
1227,40.94,27,16,43,23,0,0
1228,40.97,27,16,43,23,0,0
1229,41.01,27,16,43,23,0,0
1230,41.04,27,16,43,23,0,0
1231,41.07,27,16,43,23,0,0
1232,41.11,27,16,43,23,0,0
1233,41.14,27,16,43,23,0,0
1234,41.17,27,16,43,23,0,0
1235,41.21,27,16,43,23,0,0
1236,41.24,27,16,43,23,0,0
1237,41.27,27,16,43,23,0,0
1238,41.31,28,16,43,23,1,0
1239,41.34,28,16,43,23,1,0
1240,41.37,28,16,43,23,1,0
1241,41.41,28,16,43,23,1,0
1242,41.44,28,17,43,23,0,1
1243,41.47,28,17,43,23,0,1
1244,41.51,28,17,43,23,0,1
1245,41.54,28,17,43,23,0,0
1246,41.57,28,17,43,23,0,0
1247,41.61,28,17,43,23,0,0
1248,41.64,28,17,43,23,0,0
1249,41.67,28,17,43,23,0,1
1250,41.71,28,17,43,23,0,1
1251,41.74,28,17,43,24,0,0
1252,41.78,28,17,43,24,1,0
1253,41.81,28,17,43,24,1,0
1254,41.84,28,17,43,24,1,0
1255,41.88,28,17,43,24,1,0
1256,41.91,28,17,43,24,1,0
1257,41.94,28,17,44,24,0,0
1258,41.98,28,17,44,24,0,0
1259,42.01,28,17,44,24,0,0
1260,42.04,28,17,44,24,0,0
1261,42.08,28,17,44,24,0,0
1262,42.11,28,17,44,24,0,0
1263,42.14,28,17,44,24,0,0
1264,42.18,28,17,44,24,0,0
1265,42.21,28,17,44,24,0,1
1266,42.24,28,17,44,25,1,0
1267,42.28,28,17,44,25,1,0
1268,42.31,28,17,44,25,1,0
1269,42.34,28,17,44,25,1,0
1270,42.38,28,17,44,25,1,0
1271,42.41,28,17,44,25,1,0
1272,42.44,28,17,44,25,1,0
1273,42.48,28,17,45,25,0,0
1274,42.51,28,17,45,25,0,0
1275,42.54,28,17,45,25,0,0
1276,42.58,28,17,45,25,0,0
1277,42.61,28,17,45,25,0,0
1278,42.64,28,17,45,25,0,0
1279,42.68,28,17,45,25,0,0
1280,42.71,28,17,45,25,0,0
1281,42.74,28,17,45,25,0,0
1282,42.78,28,17,45,25,0,0
1283,42.81,28,17,45,25,0,0
1284,42.84,28,17,45,25,0,0
1285,42.88,28,17,45,25,0,0
1286,42.91,28,17,45,25,0,0
1287,42.94,28,17,45,25,0,0
1288,42.98,29,17,45,25,1,0
1289,43.01,29,17,45,25,1,0
1290,43.04,29,17,45,25,0,0
1291,43.08,29,17,45,25,0,0
1292,43.11,29,17,45,25,0,0
1293,43.14,29,17,45,25,0,0
1294,43.18,29,17,45,25,0,0
1295,43.21,29,17,45,25,0,0
1296,43.24,29,17,45,25,0,0
1297,43.28,29,17,45,25,0,0
1298,43.31,29,17,45,25,0,0
1299,43.34,29,17,45,25,0,0
1300,43.38,29,17,45,25,0,0
1301,43.41,29,17,45,25,0,0
1302,43.44,29,17,45,25,0,1
1303,43.48,29,17,45,25,0,1
1304,43.51,29,17,45,26,1,0
1305,43.54,29,17,45,26,1,0
1306,43.58,29,17,45,26,1,0
1307,43.61,29,17,45,26,1,0
1308,43.64,29,17,45,26,1,0
1309,43.68,29,17,45,26,1,0
1310,43.71,29,17,45,26,1,0
1311,43.74,29,17,46,26,0,0
1312,43.78,29,17,46,26,0,0
1313,43.81,29,17,46,26,0,0
1314,43.84,29,17,46,26,0,0
1315,43.88,29,17,46,26,0,0
1316,43.91,29,17,46,26,0,0
1317,43.94,29,17,46,26,0,0
1318,43.98,29,17,46,26,0,0
1319,44.01,29,17,46,26,0,0
1320,44.04,29,17,46,26,0,0
1321,44.08,29,17,46,26,0,0
1322,44.11,29,17,46,26,0,0
1323,44.14,29,17,46,26,0,0
1324,44.18,29,17,46,26,0,0
1325,44.21,29,17,46,26,0,0
1326,44.24,29,17,46,26,0,0
1327,44.28,29,17,46,26,0,0
1328,44.31,29,17,46,26,0,0
1329,44.34,29,17,46,26,0,0
1330,44.38,29,17,46,26,0,0
1331,44.41,29,17,46,26,0,0
1332,44.44,29,17,46,26,0,0
1333,44.48,29,17,46,26,0,0
1334,44.51,29,17,46,26,1,0
1335,44.54,29,17,46,26,1,0
1336,44.58,29,17,46,26,1,0
1337,44.61,29,17,47,26,0,0
1338,44.64,29,17,47,26,0,0
1339,44.68,29,17,47,26,0,0
1340,44.71,29,17,47,26,0,0
1341,44.74,29,17,47,26,0,0
1342,44.78,29,17,47,26,0,0
1343,44.81,29,17,47,26,0,0
1344,44.84,29,17,47,26,0,0
1345,44.88,29,17,47,26,0,0
1346,44.91,29,17,47,26,0,0
1347,44.94,29,17,47,26,0,0
1348,44.98,29,17,47,26,0,0
1349,45.01,29,17,47,26,0,0
1350,45.05,29,17,47,26,0,0
1351,45.08,29,17,47,26,0,0
1352,45.11,29,17,47,26,0,0
1353,45.15,29,17,47,26,0,0
1354,45.18,29,17,47,26,0,0
1355,45.21,29,17,47,26,0,0
1356,45.25,29,17,47,26,0,0
1357,45.28,29,17,47,26,0,0
1358,45.31,29,17,47,26,0,0
1359,45.35,29,17,47,26,0,0
1360,45.38,29,17,47,26,0,0
1361,45.41,29,17,47,26,0,0
1362,45.45,29,17,47,26,0,0
1363,45.48,29,17,47,26,0,0
1364,45.51,29,17,47,26,0,0
1365,45.55,29,17,47,26,0,0
1366,45.58,29,17,47,26,0,0
1367,45.61,29,17,47,26,0,0
1368,45.65,29,17,47,26,0,0
1369,45.68,29,17,47,26,0,0
1370,45.71,29,17,47,26,0,0
1371,45.75,29,17,47,26,0,0
1372,45.78,29,17,47,26,0,1
1373,45.81,29,17,47,26,0,1
1374,45.85,29,17,47,27,0,0
1375,45.88,29,17,47,27,1,0
1376,45.91,29,17,47,27,1,0
1377,45.95,29,17,47,27,1,0
1378,45.98,29,17,47,27,1,0
1379,46.01,29,17,47,27,1,0
1380,46.05,29,17,48,27,1,0
1381,46.08,29,17,48,27,0,0
1382,46.11,29,17,48,27,0,0
1383,46.15,29,17,48,27,0,0
1384,46.18,29,17,48,27,0,0
1385,46.21,29,17,48,27,0,0
1386,46.25,29,17,48,27,0,0
1387,46.28,29,17,48,27,1,0
1388,46.31,29,17,48,27,1,0
1389,46.35,29,17,49,27,0,0
1390,46.38,29,17,49,27,0,0
1391,46.41,29,17,49,27,0,0
1392,46.45,29,17,49,27,0,1
1393,46.48,29,17,49,27,0,2
1394,46.51,29,17,49,27,0,2
1395,46.55,29,17,49,29,2,0
1396,46.58,29,17,49,29,2,0
1397,46.61,29,17,49,29,2,0
1398,46.65,29,17,49,29,2,0
1399,46.68,29,17,49,29,2,0
1400,46.71,29,17,50,29,1,0
1401,46.75,29,17,51,29,0,0
1402,46.78,29,17,51,29,0,0
1403,46.81,29,17,51,29,0,0
1404,46.85,29,17,51,29,0,0
1405,46.88,29,17,51,29,0,0
1406,46.91,29,17,51,29,0,0
1407,46.95,29,17,51,29,0,0
1408,46.98,29,17,51,29,0,0
1409,47.01,29,17,51,29,0,0
1410,47.05,29,17,51,29,0,0
1411,47.08,29,17,51,29,0,0
1412,47.11,29,17,51,29,0,0
1413,47.15,29,17,51,29,0,0
1414,47.18,29,17,51,29,0,0
1415,47.21,29,17,51,29,0,0
1416,47.25,29,17,51,29,0,0
1417,47.28,29,17,51,29,0,0
1418,47.31,29,17,51,29,0,0
1419,47.35,29,17,51,29,0,0
1420,47.38,29,17,51,29,0,0
1421,47.41,29,17,51,29,0,0
1422,47.45,29,17,51,29,0,0
1423,47.48,29,17,51,29,0,0
1424,47.51,29,17,51,29,0,0
1425,47.55,29,17,51,29,0,0
1426,47.58,29,17,51,29,0,0
1427,47.61,29,17,51,29,0,0
1428,47.65,29,17,51,29,0,0
1429,47.68,29,17,51,29,0,0
1430,47.71,29,17,51,29,0,0
1431,47.75,29,17,51,29,0,0
1432,47.78,29,17,51,29,0,0
1433,47.81,29,17,51,29,0,0
1434,47.85,29,17,51,29,0,0
1435,47.88,29,17,51,29,0,0
1436,47.91,29,17,51,29,0,0
1437,47.95,29,17,51,29,0,0
1438,47.98,29,17,51,29,0,0
1439,48.01,29,17,51,29,0,0
1440,48.05,29,17,51,29,0,0
1441,48.08,29,17,51,29,0,0
1442,48.11,29,17,51,29,0,0
1443,48.15,29,17,51,29,0,0
1444,48.18,29,17,51,29,0,0
1445,48.21,29,17,51,29,0,0
1446,48.25,29,17,51,29,0,0
1447,48.28,29,17,51,29,0,0
1448,48.31,29,17,51,29,0,0
1449,48.35,29,17,51,29,0,0
1450,48.38,29,17,51,29,0,0
1451,48.42,29,17,51,29,0,0
1452,48.45,29,17,51,29,0,0
1453,48.48,29,17,51,29,0,0
1454,48.52,29,17,51,29,0,0
1455,48.55,29,17,51,29,0,0
1456,48.58,29,17,51,29,0,0
1457,48.62,30,17,51,29,1,0
1458,48.65,30,17,51,29,1,0
1459,48.68,30,17,51,29,1,0
1460,48.72,30,17,51,29,1,0
1461,48.75,30,17,51,29,1,0
1462,48.78,30,17,51,29,1,0
1463,48.82,30,18,51,29,0,1
1464,48.85,30,18,51,29,0,1
1465,48.88,30,18,51,29,0,1
1466,48.92,30,18,51,29,0,1
1467,48.95,31,18,51,29,1,0
1468,48.98,31,18,51,29,1,0
1469,49.02,31,18,51,29,1,0
1470,49.05,31,18,51,29,1,0
1471,49.08,31,18,51,29,1,0
1472,49.12,31,18,51,29,0,0
1473,49.15,31,19,51,29,0,1
1474,49.18,31,19,51,29,0,1
1475,49.22,31,19,51,29,0,0
1476,49.25,31,19,51,29,0,0
1477,49.28,31,19,51,29,0,0
1478,49.32,31,19,51,29,0,0
1479,49.35,31,19,51,29,0,0
1480,49.38,31,19,51,29,0,0
1481,49.42,31,19,51,29,0,0
1482,49.45,31,19,51,29,0,0
1483,49.48,31,19,51,29,0,0
1484,49.52,31,19,51,29,0,0
1485,49.55,31,19,51,29,0,0
1486,49.58,31,19,51,29,0,0
1487,49.62,31,19,51,29,0,0
1488,49.65,31,19,51,29,0,0
1489,49.68,31,19,51,29,0,0
1490,49.72,31,19,51,29,0,0
1491,49.75,31,19,51,29,0,1
1492,49.78,31,19,51,29,0,1
1493,49.82,31,19,51,30,0,0
1494,49.85,31,19,51,30,1,0
1495,49.88,31,19,51,30,1,0
1496,49.92,31,19,51,30,1,0
1497,49.95,31,19,51,30,1,0
1498,49.98,31,19,51,30,1,0
1499,50.02,31,19,52,30,0,0
1500,50.05,31,19,52,30,0,0
1501,50.08,31,19,52,30,0,0
1502,50.12,31,19,52,30,0,0
1503,50.15,31,19,52,30,0,0
1504,50.18,31,19,52,30,0,0
1505,50.22,31,19,52,30,0,0
1506,50.25,31,19,52,30,0,0
1507,50.28,31,19,52,30,0,0
1508,50.32,31,19,52,30,0,0
1509,50.35,31,19,52,30,0,0
1510,50.38,31,19,52,30,0,0
1511,50.42,31,19,52,30,0,0
1512,50.45,31,19,52,30,0,0
1513,50.48,31,19,52,30,0,0
1514,50.52,31,19,52,30,0,0
1515,50.55,31,19,52,30,0,0
1516,50.58,31,19,52,30,0,0
1517,50.62,31,19,52,30,0,0
1518,50.65,31,19,52,30,0,0
1519,50.68,31,19,52,30,0,0
1520,50.72,31,19,52,30,1,0
1521,50.75,31,19,52,30,0,0
1522,50.78,31,19,52,30,0,0
1523,50.82,31,19,52,30,0,0
1524,50.85,31,19,52,30,0,0
1525,50.88,31,19,52,30,0,0
1526,50.92,31,19,52,30,0,0
1527,50.95,31,19,52,30,0,0
1528,50.98,31,19,52,30,0,0
1529,51.02,31,19,52,30,0,0
1530,51.05,31,19,52,30,0,0
1531,51.08,31,19,52,30,0,0
1532,51.12,31,19,52,30,0,0
1533,51.15,31,19,52,30,0,0
1534,51.18,31,19,52,30,0,0
1535,51.22,31,19,52,30,0,0
1536,51.25,31,19,52,30,0,0
1537,51.28,31,19,52,30,0,0
1538,51.32,31,19,52,30,0,0
1539,51.35,31,19,52,30,0,0
1540,51.38,31,19,52,30,0,0
1541,51.42,31,19,52,30,0,0
1542,51.45,31,19,52,30,0,0
1543,51.48,31,19,52,30,0,0
1544,51.52,31,19,52,30,0,0
1545,51.55,31,19,52,30,0,0
1546,51.58,31,19,52,30,0,0
1547,51.62,31,19,52,30,0,0
1548,51.65,31,19,52,30,0,0
1549,51.68,32,19,52,30,1,0
1550,51.72,32,19,52,30,1,0
1551,51.75,32,19,52,30,0,0
1552,51.79,32,19,52,30,0,0
1553,51.82,32,19,52,30,0,0
1554,51.85,32,19,52,30,0,0
1555,51.89,32,19,52,30,0,0
1556,51.92,32,19,52,30,0,0
1557,51.95,32,19,52,30,0,0
1558,51.99,32,19,52,30,0,0
1559,52.02,32,19,52,30,0,0
1560,52.05,32,19,52,30,0,0
1561,52.09,32,19,52,30,0,0
1562,52.12,32,19,52,30,0,0
1563,52.15,32,19,52,30,0,0
1564,52.19,32,19,52,30,0,0
1565,52.22,32,19,52,30,0,0
1566,52.25,32,19,52,30,0,0
1567,52.29,32,19,52,30,0,0
1568,52.32,32,19,52,30,0,0
1569,52.35,33,19,52,30,1,0
1570,52.39,33,19,52,30,1,0
1571,52.42,33,19,52,30,1,0
1572,52.45,33,19,52,30,1,0
1573,52.49,33,19,52,30,0,0
1574,52.52,33,20,52,30,0,1
1575,52.55,33,20,52,30,0,1
1576,52.59,33,20,52,30,0,0
1577,52.62,33,20,52,30,0,0
1578,52.65,33,20,52,30,0,0
1579,52.69,33,20,52,30,0,0
1580,52.72,33,20,52,30,0,0
1581,52.75,33,20,52,30,0,0
1582,52.79,33,20,52,30,0,0
1583,52.82,33,20,52,30,0,0
1584,52.85,33,20,52,30,0,0
1585,52.89,33,20,52,30,0,0
1586,52.92,33,20,52,30,0,0
1587,52.95,34,20,52,30,1,0
1588,52.99,34,20,52,30,1,0
1589,53.02,34,20,52,30,1,0
1590,53.05,34,20,52,30,1,0
1591,53.09,34,20,52,30,1,0
1592,53.12,34,20,52,30,0,0
1593,53.15,34,20,52,30,0,0
1594,53.19,34,20,52,30,0,0
1595,53.22,34,20,52,30,0,0
1596,53.25,34,20,52,30,0,0
1597,53.29,34,20,52,30,0,0
1598,53.32,34,20,52,30,0,0
1599,53.35,34,20,52,30,0,0
1600,53.39,34,20,52,30,0,0
1601,53.42,34,20,52,30,0,0
1602,53.45,34,20,52,30,0,0
1603,53.49,34,20,52,30,0,0
1604,53.52,34,20,52,30,0,0
1605,53.55,34,20,52,30,0,0
1606,53.59,34,20,52,30,0,0
1607,53.62,34,20,52,30,0,0
1608,53.65,34,20,52,30,0,0
1609,53.69,34,20,52,30,0,0
1610,53.72,34,20,52,30,0,0
1611,53.75,34,20,52,30,0,0
1612,53.79,34,20,52,30,0,0
1613,53.82,34,20,52,30,0,0
1614,53.85,34,20,52,30,0,0
1615,53.89,34,20,52,30,0,0
1616,53.92,34,20,52,30,0,0
1617,53.95,34,20,52,30,0,0
1618,53.99,34,20,52,30,0,0
1619,54.02,34,20,52,30,0,0
1620,54.05,34,20,52,30,0,0
1621,54.09,34,20,52,30,0,0
1622,54.12,34,20,52,30,0,0
1623,54.15,34,20,52,30,0,0
1624,54.19,34,20,52,30,0,0
1625,54.22,34,20,52,30,0,0
1626,54.25,34,20,52,30,0,0
1627,54.29,34,20,52,30,0,0
1628,54.32,34,20,52,30,0,0
1629,54.35,34,20,52,30,0,0
1630,54.39,34,20,52,30,0,0
1631,54.42,34,20,52,30,0,0
1632,54.45,34,20,52,30,0,0
1633,54.49,34,20,52,30,0,0
1634,54.52,34,20,52,30,0,1
1635,54.55,34,20,52,31,1,0
1636,54.59,34,20,52,31,1,0
1637,54.62,34,20,52,31,1,0
1638,54.65,34,20,52,31,1,0
1639,54.69,34,20,52,31,1,0
1640,54.72,34,20,53,31,0,0
1641,54.75,34,20,53,31,0,0
1642,54.79,34,20,53,31,0,0
1643,54.82,34,20,53,31,0,0
1644,54.85,34,20,53,31,0,0
1645,54.89,34,20,53,31,0,0
1646,54.92,34,20,53,31,0,0
1647,54.95,34,20,53,31,2,0
1648,54.99,34,20,53,31,1,0
1649,55.02,34,20,53,31,1,0
1650,55.05,34,20,54,31,0,0
1651,55.09,34,20,54,31,0,0
1652,55.12,34,20,54,31,0,0
1653,55.16,34,20,54,31,0,0
1654,55.19,34,20,54,31,0,0
1655,55.22,34,20,54,31,0,0
1656,55.26,34,20,54,31,0,0
1657,55.29,34,20,54,31,0,0
1658,55.32,34,20,54,31,0,0
1659,55.36,34,20,54,31,0,0
1660,55.39,34,20,54,31,0,0
1661,55.42,34,20,54,31,0,0
1662,55.46,34,20,54,31,0,0
1663,55.49,35,20,54,31,1,0
1664,55.52,35,20,54,31,0,0
1665,55.56,35,20,54,31,0,0
1666,55.59,35,20,54,31,0,0
1667,55.62,35,20,54,31,0,0
1668,55.66,35,20,54,31,0,0
1669,55.69,35,20,54,31,0,0
1670,55.72,35,20,54,31,0,0
1671,55.76,35,20,54,31,0,0
1672,55.79,35,20,54,31,0,0
1673,55.82,35,20,54,31,0,0
1674,55.86,35,20,54,31,0,0
1675,55.89,35,20,54,31,0,0
1676,55.92,35,20,54,31,0,0
1677,55.96,35,20,54,31,0,0
1678,55.99,35,20,54,31,0,0
1679,56.02,35,20,54,31,0,0
1680,56.06,35,20,54,31,0,0
1681,56.09,35,20,54,31,0,0
1682,56.12,35,20,54,31,0,0
1683,56.16,35,20,54,31,0,0
1684,56.19,35,20,54,31,1,0
1685,56.22,35,20,54,31,1,1
1686,56.26,35,20,55,31,0,1
1687,56.29,35,20,55,32,0,0
1688,56.32,35,20,55,32,1,0
1689,56.36,35,20,55,32,1,0
1690,56.39,35,20,55,32,1,0
1691,56.42,35,20,55,32,1,0
1692,56.46,35,20,55,32,1,0
1693,56.49,35,20,56,32,0,0
1694,56.52,35,20,56,32,0,0
1695,56.56,35,20,56,32,0,0
1696,56.59,35,20,56,32,0,0
1697,56.62,35,20,56,32,0,0
1698,56.66,35,20,56,32,0,0
1699,56.69,35,20,56,32,0,0
1700,56.72,35,20,56,32,0,0
1701,56.76,35,20,56,32,0,0
1702,56.79,35,20,56,32,0,0
1703,56.82,35,20,56,32,0,0
1704,56.86,35,20,56,32,0,0
1705,56.89,36,20,56,32,1,0
1706,56.92,36,20,56,32,1,0
1707,56.96,36,20,56,32,1,0
1708,56.99,36,20,56,32,0,1
1709,57.02,36,20,56,32,0,1
1710,57.06,36,20,56,33,1,1
1711,57.09,36,20,56,33,1,1
1712,57.12,36,20,56,33,1,1
1713,57.16,36,20,56,34,2,0
1714,57.19,36,20,56,34,2,0
1715,57.22,36,20,56,34,2,0
1716,57.26,36,20,57,34,1,0
1717,57.29,36,20,57,34,1,0
1718,57.32,36,20,58,34,0,0
1719,57.36,36,20,58,34,0,0
1720,57.39,36,20,58,34,0,0
1721,57.42,36,20,58,34,0,0
1722,57.46,36,20,58,34,0,0
1723,57.49,36,20,58,34,0,0
1724,57.52,36,20,58,34,0,0
1725,57.56,36,20,58,34,0,0
1726,57.59,36,20,58,34,0,0
1727,57.62,36,20,58,34,0,0
1728,57.66,36,20,58,34,0,0
1729,57.69,36,20,58,34,0,0
1730,57.72,36,20,58,34,0,0
1731,57.76,36,20,58,34,0,0
1732,57.79,36,20,58,34,0,0
1733,57.82,36,20,58,34,0,0
1734,57.86,36,20,58,34,0,0
1735,57.89,36,20,58,34,0,0
1736,57.92,36,20,58,34,0,0
1737,57.96,36,20,58,34,0,0
1738,57.99,36,20,58,34,0,0
1739,58.02,36,20,58,34,0,0
1740,58.06,36,20,58,34,0,0
1741,58.09,36,20,58,34,0,0
1742,58.12,36,20,58,34,0,0
1743,58.16,36,20,58,34,0,0
1744,58.19,36,20,58,34,0,0
1745,58.22,36,20,58,34,0,0
1746,58.26,36,20,58,34,0,0
1747,58.29,36,20,58,34,0,0
1748,58.32,36,20,58,34,0,2
1749,58.36,36,20,58,34,0,2
1750,58.39,36,20,58,35,1,1
1751,58.43,36,20,58,36,2,0
1752,58.46,36,20,58,36,2,0
1753,58.49,36,20,58,36,2,0
1754,58.53,36,20,58,36,2,0
1755,58.56,36,20,60,36,0,0
1756,58.59,36,20,60,36,0,0
1757,58.63,36,20,60,36,0,0
1758,58.66,36,20,60,36,0,0
1759,58.69,36,20,60,36,0,0
1760,58.73,36,20,60,36,0,0
1761,58.76,36,20,60,36,0,0
1762,58.79,36,20,60,36,0,0
1763,58.83,36,20,60,36,0,0
1764,58.86,36,20,60,36,0,0
1765,58.89,36,20,60,36,0,0
1766,58.93,36,20,60,36,0,0
1767,58.96,36,20,60,36,1,0
1768,58.99,36,20,61,36,0,0
1769,59.03,36,20,61,36,0,0
1770,59.06,36,20,61,36,0,0
1771,59.09,36,20,61,36,0,0
1772,59.13,36,20,61,36,0,0
1773,59.16,36,20,61,36,0,0
1774,59.19,36,20,61,36,0,0
1775,59.23,36,20,61,36,0,0
1776,59.26,36,20,61,36,0,0
1777,59.29,36,20,61,36,0,0
1778,59.33,36,20,61,36,0,0
1779,59.36,36,20,61,36,0,0
1780,59.39,36,20,61,36,0,0
1781,59.43,36,20,61,36,0,0
1782,59.46,36,20,61,36,0,0
1783,59.49,36,20,61,36,0,0
1784,59.53,36,20,61,36,0,0
1785,59.56,36,20,61,36,0,0
1786,59.59,37,20,61,36,1,0
1787,59.63,37,20,61,36,1,0
1788,59.66,37,20,61,36,0,0
1789,59.69,37,20,61,36,0,0
1790,59.73,37,20,61,36,0,0
1791,59.76,37,20,61,36,0,0
1792,59.79,37,20,61,36,0,0
1793,59.83,37,20,61,36,0,0
1794,59.86,37,20,61,36,0,0
1795,59.89,37,20,61,36,0,0
1796,59.93,37,20,61,36,0,0
1797,59.96,37,20,61,36,0,0
1798,59.99,37,20,61,36,0,0
1799,60.03,37,20,61,36,0,0
1800,60.06,37,20,61,36,0,0
1801,60.09,37,20,61,36,0,0
1802,60.13,37,20,61,36,0,0
1803,60.16,37,20,61,36,0,0
1804,60.19,37,20,61,36,0,0
1805,60.23,37,20,61,36,0,0
1806,60.26,37,20,61,36,0,0
1807,60.29,37,20,61,36,0,0
1808,60.33,37,20,61,36,0,0
1809,60.36,37,20,61,36,0,0
1810,60.39,37,20,61,36,0,0
1811,60.43,37,20,61,36,0,0
1812,60.46,37,20,61,36,0,0
1813,60.49,37,20,61,36,0,0
1814,60.53,37,20,61,36,0,0
1815,60.56,37,20,61,36,0,0
1816,60.59,37,20,61,36,0,0
1817,60.63,37,20,61,36,0,0
1818,60.66,37,20,61,36,0,0
1819,60.69,37,20,61,36,0,0
1820,60.73,37,20,61,36,0,0
1821,60.76,37,20,61,36,0,0
1822,60.79,37,20,61,36,0,0
1823,60.83,37,20,61,36,0,0
1824,60.86,37,20,61,36,0,0
1825,60.89,37,20,61,36,0,0
1826,60.93,37,20,61,36,0,0
1827,60.96,37,20,61,36,0,0
1828,60.99,37,20,61,36,0,0
1829,61.03,37,20,61,36,0,0
1830,61.06,37,20,61,36,0,0
1831,61.09,37,20,61,36,0,0
1832,61.13,37,20,61,36,0,0
1833,61.16,37,20,61,36,0,0
1834,61.19,37,20,61,36,1,0
1835,61.23,37,20,62,36,1,0
1836,61.26,37,20,62,36,0,0
1837,61.29,37,20,62,36,0,0
1838,61.33,37,20,62,36,0,0
1839,61.36,37,20,62,36,0,0
1840,61.39,37,20,62,36,0,0
1841,61.43,38,20,62,36,1,1
1842,61.46,38,20,62,36,1,1
1843,61.49,38,20,62,36,0,1
1844,61.53,38,20,62,37,1,0
1845,61.56,38,20,62,37,1,0
1846,61.59,38,20,62,37,1,0
1847,61.63,38,20,62,37,1,0
1848,61.66,38,20,62,37,1,0
1849,61.69,38,20,63,37,0,0
1850,61.73,38,20,63,37,0,0
1851,61.76,38,20,63,37,0,0
1852,61.8,38,20,63,37,0,0
1853,61.83,38,20,63,37,0,0
1854,61.86,38,20,63,37,0,0
1855,61.9,38,20,63,37,0,0
1856,61.93,38,20,63,37,0,0
